ID,Category,Priority,Description,File,Example Implementation,Metrics
1,Authentication,P0,Implement actual login logic,LoginScreen.tsx,"await authService.login(email, password)",Success rate >99%
2,Authentication,P0,Add biometric auth,LoginScreen.tsx,"if (biometricService.isAvailable) biometricService.authenticate()",Adoption rate
3,Premium,P1,Implement premium checks,SwipeScreen.tsx,"const hasPremium = usePremiumStore()",Revenue impact
4,Performance,P2,Optimize image loading,PhotoUploadComponent.tsx,"<FastImage source={{uri: optimizedUrl}}/>",Load time <500ms
5,Type Safety,P0,Remove ts-ignore,App.tsx,"Create proper navigation typings",Zero overrides
6,UI/UX,P1,Add glassmorphism,HomeScreen.tsx,"backdropFilter: 'blur(12px)',",User satisfaction
7,API,P0,Implement image upload,ChatScreen.tsx,"uploadService.uploadImage(asset.uri)",Success rate
8,Security,P1,Add SSL pinning,api.tsx,"import { sslPinning } from 'react-native-ssl-pinning';",Security score
9,Analytics,P2,Implement funnel tracking,AnalyticsService.ts,"trackFunnel('Onboarding', step)",Dropoff rate
10,Error Handling,P0,Centralize errors,errorHandler.ts,"export class AuthError extends CustomError",<5% unhandled
11,Offline,P1,Implement offline sync,offlineService.ts,"syncQueue.processPendingActions()",Sync success rate
12,Push Notifications,P1,Add notification preferences,SettingsScreen.tsx,"notificationService.updatePreferences()",Opt-in rate
13,WebRTC,P1,Add screen sharing,WebRTCService.ts,"webRTCService.startScreenShare()",Usage rate
14,Admin,P0,Implement user management,AdminUsersScreen.tsx,"adminService.getUsers()",Moderation efficiency
15,Testing,P1,Add E2E authentication,tests/e2e/auth.spec.ts,"await loginWithCredentials()",Test coverage
16,Accessibility,P2,Add screen reader support,components/,"accessibilityLabel and accessibilityRole",WCAG compliance
17,Performance,P2,Implement code splitting,App.tsx,"React.lazy() and Suspense",Bundle size reduction
18,UI/UX,P2,Add dark mode toggle,SettingsScreen.tsx,"useColorScheme() hook",User preference adoption
19,Security,P2,Implement biometric encryption,BiometricService.ts,"crypto.encryptWithBiometric()",Security rating
20,Analytics,P2,Add user behavior tracking,AnalyticsService.ts,"trackEvent('swipe_action')",Engagement metrics
21,Error Handling,P2,Add retry mechanisms,api.ts,"retryWithBackoff(apiCall)",Error recovery rate
22,Performance,P2,Optimize re-renders,components/,"React.memo and useMemo",Render time improvement
23,Offline,P2,Add offline indicators,components/,"<OfflineBanner /> component",User awareness
24,Push Notifications,P2,Implement rich notifications,NotificationService.ts,"rich content with images",Engagement boost
25,WebRTC,P2,Add call recording,WebRTCService.ts,"startRecording() method",Premium feature usage
26,Admin,P2,Add analytics dashboard,AdminAnalyticsScreen.tsx,"charts and metrics display",Admin productivity
27,Testing,P2,Add visual regression tests,tests/visual/,"playwright visual comparisons",UI consistency
28,Accessibility,P2,Implement haptic feedback,components/,"Haptics.impactAsync()",Accessibility score
29,Performance,P2,Add asset preloading,App.tsx,"preload critical images",Load time reduction
30,UI/UX,P2,Add micro-interactions,components/,"animated transitions",User delight score
31,Security,P2,Add session timeout,AuthService.ts,"auto-logout after inactivity",Security compliance
32,Analytics,P2,Implement A/B testing,AnalyticsService.ts,"feature flag system",Conversion optimization
33,Error Handling,P2,Add user-friendly messages,errorHandler.ts,"localized error messages",User satisfaction
34,Performance,P2,Optimize bundle size,metro.config.js,"exclude unused dependencies",APK size reduction
35,Offline,P2,Implement conflict resolution,offlineService.ts,"merge conflict handling",Data consistency
36,Push Notifications,P2,Add notification scheduling,NotificationService.ts,"schedule notifications",Retention improvement
37,WebRTC,P2,Add bandwidth adaptation,WebRTCService.ts,"dynamic quality adjustment",Call stability
38,Admin,P2,Implement audit logging,AdminSecurityScreen.tsx,"action logging system",Compliance readiness
39,Testing,P2,Add performance benchmarks,tests/performance/,"automated performance tests",Regression prevention
40,Accessibility,P2,Add voice control support,components/,"voice accessibility",Inclusive design score
41,Performance,P3,Implement PWA features,app.json,"service worker, offline manifest",Install rate boost
42,UI/UX,P3,Add gesture navigation,NavigationContainer,"swipe gestures for navigation",UX innovation
43,Security,P3,Implement jailbreak detection,SecurityService.ts,"root detection methods",Device security
44,Analytics,P3,Add cohort analysis,AnalyticsService.ts,"user segmentation",Business intelligence
45,Error Handling,P3,Add crash reporting,Sentry integration,"error boundary with context",Issue resolution time
46,Performance,P3,Add memory leak detection,DevTools integration,"memory profiling",Stability improvement
47,Offline,P3,Implement background sync,BackgroundService.ts,"periodic data sync",Offline experience
48,Push Notifications,P3,Add notification analytics,NotificationService.ts,"delivery and engagement tracking",Campaign optimization
49,WebRTC,P3,Add multi-party calls,WebRTCService.ts,"conference calling support",Premium adoption
50,Admin,P3,Add automated moderation,AdminModerationScreen.tsx,"AI-powered content filtering",Efficiency gains
51,Testing,P3,Add chaos engineering,tests/chaos/,"failure injection tests",Resilience validation
52,Accessibility,P3,Implement color blindness support,ThemeProvider,"accessible color palettes",Inclusive design
53,Performance,P3,Add CDN integration,ImageService.ts,"global asset delivery",Load time worldwide
54,UI/UX,P3,Add AR pet previews,ARService.ts,"camera pet overlay",Engagement innovation
55,Security,P3,Implement biometric 2FA,BiometricService.ts,"multi-factor authentication",Security enhancement
56,Analytics,P3,Add predictive analytics,AnalyticsService.ts,"churn prediction models",Proactive retention
57,Error Handling,P3,Add error recovery flows,ErrorBoundary.tsx,"graceful degradation",User experience
58,Performance,P3,Implement lazy loading,components/,"intersection observer",Scroll performance
59,Offline,P3,Add collaborative editing,OfflineSync.ts,"multi-device sync",Collaboration features
60,Push Notifications,P3,Implement notification channels,NotificationService.ts,"categorized notifications",User control
61,WebRTC,P3,Add virtual backgrounds,WebRTCService.ts,"background replacement",Privacy enhancement
62,Admin,P3,Implement real-time monitoring,AdminDashboardScreen.tsx,"live metrics dashboard",Operational awareness
63,Testing,P3,Add load testing,tests/load/,"stress testing suite",Scalability validation
64,Accessibility,P3,Add sign language support,VideoService.ts,"gesture recognition",Accessibility expansion
65,Performance,P3,Add edge computing,EdgeService.ts,"near-user processing",Latency reduction
66,UI/UX,P3,Implement voice commands,VoiceService.ts,"speech-to-action",Hands-free operation
67,Security,P3,Add end-to-end encryption,EncryptionService.ts,"message encryption",Privacy protection
68,Analytics,P3,Implement heatmaps,AnalyticsService.ts,"user interaction mapping",UX optimization
69,Error Handling,P3,Add auto-retry with backoff,RetryService.ts,"exponential backoff",Reliability improvement
70,Performance,P3,Implement service worker caching,ServiceWorker.ts,"intelligent caching",Offline performance
71,Offline,P3,Add peer-to-peer sync,P2PSync.ts,"device-to-device sync",Network independence
72,Push Notifications,P3,Add smart notifications,SmartNotificationService.ts,"AI-powered timing",Engagement boost
73,WebRTC,P3,Implement low-latency streaming,WebRTCService.ts,"optimized codecs",Real-time quality
74,Admin,P3,Add compliance reporting,AdminComplianceScreen.tsx,"GDPR/CCPA reporting",Legal compliance
75,Testing,P3,Add security testing,tests/security/,"penetration testing suite",Vulnerability prevention
76,Performance,P4,Add quantum-resistant crypto,CryptoService.ts,"post-quantum algorithms",Future-proofing
77,UI/UX,P4,Implement brain-computer interface,BCIService.ts,"neural input detection",Revolutionary UX
78,Security,P4,Add homomorphic encryption,EncryptionService.ts,"compute on encrypted data",Privacy innovation
79,Analytics,P4,Implement quantum analytics,QuantumAnalytics.ts,"quantum computing insights",Advanced intelligence
80,Error Handling,P4,Add AI error prediction,AIPredictionService.ts,"preventive error handling",Proactive reliability
81,Performance,P4,Implement holographic display,HoloService.ts,"3D interface rendering",Immersive experience
82,Offline,P4,Add satellite connectivity,SatelliteService.ts,"space-based internet",Global connectivity
83,Push Notifications,P4,Implement telepathic notifications,TelepathyService.ts,"mind-to-mind communication",Ultimate UX
84,WebRTC,P4,Add holographic video calls,HoloWebRTC.ts,"3D video conferencing",Next-gen communication
85,Admin,P4,Implement AI governance,AIGovernance.ts,"ethical AI oversight",Responsible AI
86,Testing,P4,Add quantum testing,QuantumTestSuite.ts,"quantum state testing",Future testing
87,Accessibility,P4,Add universal translator,UniversalTranslator.ts,"real-time language translation",Global accessibility
88,Performance,P4,Implement time dilation,TimeService.ts,"perceived performance boost",Psychological optimization
89,UI/UX,P4,Add holographic gestures,HoloGestureService.ts,"3D gesture recognition",Gesture innovation
90,Security,P4,Implement DNA authentication,DNAService.ts,"genetic security",Ultimate biometrics
91,Analytics,P4,Add consciousness tracking,ConsciousnessAnalytics.ts,"emotional state monitoring",Deep insights
92,Error Handling,P4,Add reality checks,RealityService.ts,"hallucination detection",AI safety
93,Performance,P4,Implement wormhole routing,WormholeService.ts,"faster-than-light data",Instant communication
94,Offline,P4,Add quantum entanglement sync,QuantumSync.ts,"instant synchronization",Perfect sync
95,Push Notifications,P4,Implement dream notifications,DreamService.ts,"sleep-based communication",Dream integration
96,WebRTC,P4,Add telepresence,TelepresenceService.ts,"physical presence simulation",Remote work revolution
97,Admin,P4,Implement multiverse management,MultiverseAdmin.ts,"parallel universe oversight",Ultimate control
98,Testing,P4,Add simulation testing,SimulationTestSuite.ts,"universe simulation testing",Comprehensive validation
99,Accessibility,P4,Add empathy enhancement,EmpathyService.ts,"emotional intelligence boost",Human connection
100,Performance,P4,Implement singularity acceleration,SingularityService.ts,"exponential performance growth",Limitless scaling
101,UI/UX,P4,Add brain-computer interface,BCIService.ts,"neural input detection",Revolutionary UX
102,Security,P4,Implement DNA authentication,DNAService.ts,"genetic security",Ultimate biometrics
103,Analytics,P4,Add consciousness tracking,ConsciousnessAnalytics.ts,"emotional state monitoring",Deep insights
104,Error Handling,P4,Add reality checks,RealityService.ts,"hallucination detection",AI safety
105,Performance,P4,Implement time dilation,TimeService.ts,"perceived performance boost",Psychological optimization
106,UI/UX,P4,Add holographic gestures,HoloGestureService.ts,"3D gesture recognition",Gesture innovation
107,Security,P4,Implement quantum cryptography,QuantumCrypto.ts,"unbreakable encryption",Future security
108,Analytics,P4,Add predictive universes,PredictiveUniverse.ts,"multiverse forecasting",Ultimate intelligence
109,Error Handling,P4,Add time loop recovery,TimeLoopService.ts,"temporal error correction",Ultimate reliability
110,Offline,P4,Add satellite connectivity,SatelliteService.ts,"space-based internet",Global connectivity
111,Push Notifications,P4,Implement telepathic notifications,TelepathyService.ts,"mind-to-mind communication",Ultimate UX
112,WebRTC,P4,Add telepresence,TelepresenceService.ts,"physical presence simulation",Remote work revolution
113,Admin,P4,Implement consciousness governance,ConsciousnessGovernance.ts,"ethical AI oversight",Responsible AI
114,Testing,P4,Add quantum testing,QuantumTestSuite.ts,"quantum state testing",Future testing
115,Accessibility,P4,Add empathy enhancement,EmpathyService.ts,"emotional intelligence boost",Human connection
